<?xml version="1.0" encoding="UTF-8"?>
<project-private xmlns="http://www.netbeans.org/ns/project-private/1">
    <editor-bookmarks xmlns="http://www.netbeans.org/ns/editor-bookmarks/2" lastBookmarkId="0"/>
    <open-files xmlns="http://www.netbeans.org/ns/projectui-open-files/2">
        <group>
            <file>file:/F:/Studies/3.1/Database/DB%20lab/aru/University_DB/src/university_db/dbTest.java</file>
            <file>file:/F:/Studies/3.1/Database/DB%20lab/aru/University_DB/src/university_db/DatabaseHandler.java</file>
            <file>file:/F:/Studies/3.1/Database/DB%20lab/aru/University_DB/src/university_db/insertForm.java</file>
            <file>file:/F:/Studies/3.1/Database/DB%20lab/aru/University_DB/src/university_db/addColumn.java</file>
        </group>
    </open-files>
</project-private>
