<?xml version="1.0" encoding="UTF-8"?>
<project-private xmlns="http://www.netbeans.org/ns/project-private/1">
    <editor-bookmarks xmlns="http://www.netbeans.org/ns/editor-bookmarks/2" lastBookmarkId="0"/>
    <open-files xmlns="http://www.netbeans.org/ns/projectui-open-files/2">
        <group>
            <file>file:/C:/Users/EZIO/Downloads/Compressed/Skull-2/Skull-2/Snake%20Ladder%201/src/Play.java</file>
            <file>file:/C:/Users/EZIO/Downloads/Compressed/Skull-2/Skull-2/Snake%20Ladder%201/src/GameOver.java</file>
            <file>file:/C:/Users/EZIO/Downloads/Compressed/Skull-2/Skull-2/Snake%20Ladder%201/src/Frame1.java</file>
        </group>
    </open-files>
</project-private>
